Gene,Log2 fold change,std error (log2),Lower confidence limit (log2),Upper confidence limit (log2),Linear fold change,Lower confidence limit (linear),Upper confidence limit (linear),P-value,BY.p.value,method,Gene.sets,probe.ID
CCL5-mRNA,-1.18,0.0108,-1.2,-1.16,0.442,0.436,0.449,3.91E-11,1.11E-07,loglinear,"Chemokines, Cytokines",NM_002985.2:280
FOS-mRNA,2.92,0.0316,2.85,2.98,7.55,7.23,7.88,1.10E-10,1.56E-07,loglinear,,NM_005252.2:1475
CCL3L1-mRNA,-1.49,0.0218,-1.53,-1.45,0.356,0.346,0.367,6.62E-10,6.25E-07,loglinear,Cytokines,NM_021006.4:421
CXCR4-mRNA,-1.94,0.0398,-2.02,-1.86,0.261,0.247,0.275,5.02E-09,3.56E-06,loglinear,"Cell Cycle, Cell Functions, Chemokines, Regulation",NM_003467.2:1335
CCL3-mRNA,-1.41,0.0309,-1.47,-1.35,0.375,0.36,0.392,7.38E-09,4.18E-06,loglinear,"Chemokines, Regulation",NM_002983.2:159
FCGR3A-mRNA,-2.36,0.0543,-2.47,-2.26,0.194,0.18,0.209,9.88E-09,4.33E-06,loglinear,Regulation,NM_000569.6:1644
CSF1-mRNA,-2.01,0.0479,-2.1,-1.92,0.248,0.233,0.265,1.23E-08,4.33E-06,loglinear,,NM_000757.4:823
CCL4-mRNA,-1.81,0.0444,-1.9,-1.72,0.285,0.268,0.303,1.45E-08,4.33E-06,loglinear,"Chemokines, Regulation",NM_002984.2:35
GZMB-mRNA,1.44,0.0355,1.37,1.51,2.71,2.58,2.85,1.51E-08,4.33E-06,loglinear,"Cell Functions, Cytotoxicity",NM_004131.3:540
NFATC3-mRNA,-1.37,0.034,-1.44,-1.31,0.386,0.369,0.404,1.53E-08,4.33E-06,loglinear,Regulation,NM_004555.2:2190
DUSP4-mRNA,-1.93,0.0534,-2.03,-1.82,0.263,0.244,0.282,2.99E-08,6.88E-06,loglinear,,NM_057158.2:3115
KLRB1-mRNA,-3.65,0.101,-3.84,-3.45,0.0799,0.0696,0.0916,3.04E-08,6.88E-06,loglinear,"Chemokines, NK Cell Functions",NM_002258.2:85
IL16-mRNA,-1.49,0.0417,-1.57,-1.41,0.355,0.336,0.376,3.16E-08,6.88E-06,loglinear,Interleukins,NM_004513.4:1262
CD44-mRNA,-1.63,0.0462,-1.72,-1.54,0.323,0.303,0.344,3.46E-08,7.01E-06,loglinear,"Senescence, Transporter Functions",NM_001001392.1:429
TNFSF4-mRNA,-3.56,0.107,-3.77,-3.35,0.0849,0.0734,0.0981,4.84E-08,8.76E-06,loglinear,"Chemokines, TNF Superfamily",NM_003326.2:545
HAVCR2-mRNA,-1.64,0.0494,-1.74,-1.54,0.321,0.3,0.343,4.94E-08,8.76E-06,loglinear,Cell Functions,NM_032782.3:955
CD3D-mRNA,-0.566,0.0178,-0.601,-0.531,0.675,0.659,0.692,6.37E-08,1.02E-05,loglinear,Regulation,NM_000732.4:110
CX3CR1-mRNA,-3.11,0.0978,-3.3,-2.92,0.116,0.102,0.132,6.47E-08,1.02E-05,loglinear,"Chemokines, Microglial Functions",NM_001337.3:1040
CD84-mRNA,-1.28,0.0412,-1.36,-1.19,0.413,0.391,0.437,7.56E-08,1.08E-05,loglinear,,NM_001184879.1:28
IFIT1-mRNA,-1.33,0.0429,-1.41,-1.24,0.399,0.376,0.423,7.59E-08,1.08E-05,loglinear,Chemokines,NM_001548.3:1440
MAF-mRNA,-2.81,0.0945,-3,-2.63,0.142,0.125,0.162,9.59E-08,1.29E-05,loglinear,"Cell Functions, T-Cell Functions",NM_005360.4:888
TNFRSF9-mRNA,-2.16,0.0738,-2.3,-2.01,0.224,0.203,0.248,1.07E-07,1.37E-05,loglinear,TNF Superfamily,NM_001561.4:255
EGR1-mRNA,2.4,0.0836,2.24,2.57,5.29,4.72,5.93,1.17E-07,1.44E-05,loglinear,"Senescence, T-Cell Functions",NM_001964.2:1505
NFATC2-mRNA,-0.424,0.0153,-0.454,-0.394,0.745,0.73,0.761,1.46E-07,1.69E-05,loglinear,Regulation,NM_012340.3:1815
IL2RG-mRNA,-1.19,0.0431,-1.28,-1.11,0.438,0.413,0.464,1.49E-07,1.69E-05,loglinear,Chemokines,NM_000206.1:595
TXNIP-mRNA,-1.21,0.0456,-1.3,-1.12,0.431,0.405,0.459,1.86E-07,2.03E-05,loglinear,,NM_006472.1:255
SLAMF1-mRNA,-1.65,0.0637,-1.78,-1.53,0.318,0.292,0.347,2.16E-07,2.27E-05,loglinear,,NM_003037.2:580
FUT7-mRNA,2.4,0.099,2.2,2.59,5.26,4.6,6.02,3.27E-07,3.25E-05,loglinear,Leukocyte Functions,NM_004479.3:1710
TARP-mRNA,-1.14,0.0475,-1.23,-1.05,0.454,0.425,0.484,3.43E-07,3.25E-05,loglinear,Cell Functions,NM_001003799.1:560
NFKB2-mRNA,-1.01,0.0424,-1.1,-0.931,0.495,0.468,0.525,3.50E-07,3.25E-05,loglinear,,NM_002502.2:825
IL7R-mRNA,0.743,0.0313,0.681,0.804,1.67,1.6,1.75,3.66E-07,3.25E-05,loglinear,Cytokines,NM_002185.2:1610
TIGIT-mRNA,-1.2,0.0506,-1.3,-1.1,0.435,0.406,0.466,3.67E-07,3.25E-05,loglinear,T-Cell Functions,NM_173799.2:1968
IL10RA-mRNA,-1.26,0.054,-1.37,-1.16,0.417,0.388,0.449,4.03E-07,3.38E-05,loglinear,Cytokines,NM_001558.2:150
TNFAIP3-mRNA,-1.82,0.0778,-1.97,-1.66,0.284,0.255,0.315,4.05E-07,3.38E-05,loglinear,TNF Superfamily,NM_006290.2:260
KLRG1-mRNA,-1.16,0.0516,-1.26,-1.06,0.447,0.417,0.48,5.04E-07,4.08E-05,loglinear,"NK Cell Functions, Regulation",NM_005810.3:65
SMAD2-mRNA,-0.548,0.0249,-0.597,-0.5,0.684,0.661,0.707,5.68E-07,4.47E-05,loglinear,Cell Functions,NM_005901.5:1678
OAS3-mRNA,-1.08,0.052,-1.19,-0.982,0.472,0.44,0.506,7.98E-07,6.11E-05,loglinear,"Cytokines, Pathogen Defense",NM_006187.2:4980
SOCS1-mRNA,1.02,0.0502,0.927,1.12,2.03,1.9,2.18,8.99E-07,6.70E-05,loglinear,"B-Cell Functions, Cell Functions, T-Cell Functions",NM_003745.1:1025
GZMM-mRNA,1.39,0.0698,1.26,1.53,2.63,2.39,2.89,1.02E-06,7.31E-05,loglinear,"Cell Functions, Cytotoxicity",NM_005317.2:669
ITGB1-mRNA,-1.4,0.0703,-1.54,-1.26,0.379,0.344,0.416,1.03E-06,7.31E-05,loglinear,"Adhesion, Regulation",NM_033666.2:2000
ETS1-mRNA,-0.758,0.0385,-0.834,-0.683,0.591,0.561,0.623,1.11E-06,7.70E-05,loglinear,Senescence,NM_005238.3:4625
CCR2-mRNA,-2.49,0.13,-2.75,-2.24,0.178,0.149,0.212,1.32E-06,8.91E-05,loglinear,Cytokines,NM_001123041.2:743
CD59-mRNA,-2.3,0.124,-2.54,-2.05,0.204,0.172,0.241,1.58E-06,0.000102,loglinear,,NM_000611.4:730
DPP4-mRNA,1.78,0.0959,1.59,1.97,3.43,3.01,3.91,1.59E-06,0.000102,loglinear,"Macrophage Functions, Regulation, T-Cell Functions",NM_001935.3:2700
TNF-mRNA,-1.1,0.0597,-1.22,-0.986,0.466,0.429,0.505,1.61E-06,0.000102,loglinear,"Interleukins, TNF Superfamily",NM_000594.2:1010
LTA-mRNA,-1.98,0.108,-2.19,-1.77,0.253,0.219,0.293,1.73E-06,0.000107,loglinear,Chemokines,NM_000595.2:885
CREB1-mRNA,-0.796,0.0439,-0.882,-0.71,0.576,0.543,0.611,1.80E-06,0.000109,loglinear,,NM_004379.3:4855
KIR_Inhibiting_Subgroup_1-mRNA,1.21,0.067,1.08,1.34,2.31,2.11,2.53,1.85E-06,0.000109,loglinear,"Cell Functions, NK Cell Functions, Regulation",NM_014218.2:872
CD5-mRNA,-0.929,0.0524,-1.03,-0.826,0.525,0.489,0.564,2.06E-06,0.000119,loglinear,"B-Cell Functions, Regulation, T-Cell Functions",NM_014207.2:1295
C1QBP-mRNA,0.875,0.0504,0.776,0.973,1.83,1.71,1.96,2.35E-06,0.000131,loglinear,Chemokines,NM_001212.3:745
SMAD3-mRNA,0.659,0.038,0.585,0.734,1.58,1.5,1.66,2.36E-06,0.000131,loglinear,Regulation,NM_005902.3:4220
JAK1-mRNA,-0.514,0.0306,-0.574,-0.454,0.7,0.672,0.73,2.85E-06,0.000155,loglinear,"Cytokines, Regulation",NM_002227.1:285
LGALS3-mRNA,1.22,0.073,1.08,1.36,2.33,2.11,2.57,2.93E-06,0.000156,loglinear,,NM_001177388.1:495
CCR5-mRNA,-1.01,0.0608,-1.13,-0.893,0.496,0.456,0.538,2.98E-06,0.000156,loglinear,"Cytokines, T-Cell Functions",NM_000579.1:2730
SELL-mRNA,0.945,0.0573,0.833,1.06,1.93,1.78,2.08,3.18E-06,0.000164,loglinear,Regulation,NR_029467.1:1585
LAIR2-mRNA,-3.85,0.237,-4.32,-3.39,0.0691,0.0501,0.0954,3.43E-06,0.000173,loglinear,Cell Functions,NM_002288.3:524
NFKBIA-mRNA,-0.509,0.0315,-0.571,-0.448,0.703,0.673,0.733,3.54E-06,0.000176,loglinear,,NM_020529.1:945
CXCR6-mRNA,0.458,0.0292,0.401,0.515,1.37,1.32,1.43,4.27E-06,0.000209,loglinear,Chemokines,NM_006564.1:95
LTB-mRNA,-3.63,0.235,-4.09,-3.17,0.081,0.0589,0.111,4.63E-06,0.000221,loglinear,"Cytokines, TNF Superfamily",NM_002341.1:330
IFI27-mRNA,-1.64,0.106,-1.85,-1.44,0.32,0.277,0.37,4.67E-06,0.000221,loglinear,Chemokines,NM_005532.3:390
XCL2-mRNA,-1.07,0.0708,-1.21,-0.933,0.476,0.432,0.524,5.25E-06,0.000244,loglinear,Chemokines,NM_003175.3:377
TFRC-mRNA,0.533,0.0355,0.463,0.602,1.45,1.38,1.52,5.47E-06,0.00025,loglinear,,NM_003234.1:1220
STAT4-mRNA,-0.784,0.0532,-0.888,-0.68,0.581,0.54,0.624,6.14E-06,0.000276,loglinear,"Chemokines, Regulation, T-Cell Functions",NM_003151.2:789
CD160-mRNA,2.93,0.201,2.54,3.32,7.63,5.81,10,6.48E-06,0.000287,loglinear,Regulation,NM_007053.2:500
CD7-mRNA,1.74,0.12,1.51,1.98,3.34,2.84,3.94,6.84E-06,0.000298,loglinear,"NK Cell Functions, Regulation, T-Cell Functions",NM_006137.6:440
TNFSF12-mRNA,-1.46,0.101,-1.66,-1.26,0.363,0.316,0.417,7.02E-06,0.000302,loglinear,"Chemokines, TNF Superfamily",NM_003809.2:339
AMICA1-mRNA,-0.79,0.0551,-0.898,-0.682,0.578,0.537,0.623,7.22E-06,0.000305,loglinear,Regulation,NM_153206.2:620
IL18RAP-mRNA,2.23,0.158,1.92,2.54,4.69,3.78,5.81,8.02E-06,0.000328,loglinear,"NK Cell Functions, T-Cell Functions",NM_003853.2:2412
BCL2-mRNA,-1.78,0.126,-2.02,-1.53,0.292,0.246,0.346,8.09E-06,0.000328,loglinear,Cell Cycle,NM_000657.2:947
ITGAL-mRNA,-0.416,0.0296,-0.474,-0.358,0.749,0.72,0.78,8.11E-06,0.000328,loglinear,"Adhesion, Regulation",NM_002209.2:3905
MIF-mRNA,1.03,0.0739,0.882,1.17,2.04,1.84,2.25,8.67E-06,0.000346,loglinear,,NM_002415.1:319
ITGA1-mRNA,-0.729,0.0532,-0.833,-0.624,0.603,0.561,0.649,9.43E-06,0.000371,loglinear,"Adhesion, NK Cell Functions, T-Cell Functions",NM_181501.1:1875
SLAMF6-mRNA,-1.04,0.0767,-1.19,-0.885,0.488,0.44,0.542,1.03E-05,0.000399,loglinear,,NM_001184714.1:1032
PDGFRB-mRNA,0.838,0.0623,0.716,0.961,1.79,1.64,1.95,1.04E-05,0.000399,loglinear,,NM_002609.3:840
TGFB1-mRNA,-0.692,0.0521,-0.794,-0.59,0.619,0.577,0.664,1.12E-05,0.000425,loglinear,"Interleukins, Regulation",NM_000660.3:1260
IFNG-mRNA,0.569,0.0436,0.483,0.654,1.48,1.4,1.57,1.25E-05,0.000466,loglinear,"Cytokines, Interleukins, Leukocyte Functions, Macrophage Functions, NK Cell Functions, T-Cell Functions",NM_000619.2:970
CD2-mRNA,-1.47,0.114,-1.7,-1.25,0.36,0.308,0.42,1.32E-05,0.000486,loglinear,"NK Cell Functions, T-Cell Functions",NM_001767.3:687
MAP4K2-mRNA,-0.977,0.0769,-1.13,-0.827,0.508,0.458,0.564,1.45E-05,0.000525,loglinear,,NM_004579.2:1610
BCL2L1-mRNA,-0.886,0.0698,-1.02,-0.749,0.541,0.492,0.595,1.46E-05,0.000525,loglinear,,NM_001191.2:260
CTSW-mRNA,-0.93,0.0743,-1.08,-0.784,0.525,0.475,0.581,1.59E-05,0.000562,loglinear,Transporter Functions,NM_001335.3:1075
PRF1-mRNA,0.702,0.0577,0.589,0.815,1.63,1.5,1.76,1.87E-05,0.000652,loglinear,"Cytotoxicity, Pathogen Defense",NM_005041.3:2120
TAP1-mRNA,-0.391,0.0322,-0.454,-0.328,0.763,0.73,0.797,1.89E-05,0.000652,loglinear,Antigen Processing,NM_000593.5:2075
CD97-mRNA,-0.882,0.073,-1.03,-0.739,0.543,0.491,0.599,1.95E-05,0.000666,loglinear,,NM_078481.2:1370
SBNO2-mRNA,1.26,0.105,1.05,1.46,2.39,2.07,2.75,2.07E-05,0.000698,loglinear,Macrophage Functions,NM_014963.2:2002
ITGAX-mRNA,2.42,0.203,2.02,2.82,5.34,4.06,7.04,2.13E-05,0.000709,loglinear,Adhesion,NM_000887.3:700
IL4R-mRNA,-0.931,0.0784,-1.08,-0.777,0.525,0.472,0.584,2.16E-05,0.000712,loglinear,"Cytokines, T-Cell Functions",NM_000418.2:705
CD38-mRNA,-1.42,0.122,-1.66,-1.18,0.373,0.316,0.44,2.36E-05,0.000768,loglinear,"B-Cell Functions, Regulation, T-Cell Functions",NM_001775.2:460
ICAM2-mRNA,-0.692,0.061,-0.812,-0.573,0.619,0.57,0.672,2.79E-05,0.000899,loglinear,"Adhesion, Regulation",NM_000873.3:415
TNFRSF4-mRNA,-5.17,0.461,-6.07,-4.27,0.0278,0.0149,0.0519,2.98E-05,0.000935,loglinear,TNF Superfamily,NM_003327.2:200
KLRK1-mRNA,-0.516,0.046,-0.606,-0.426,0.699,0.657,0.745,2.99E-05,0.000935,loglinear,"NK Cell Functions, Regulation",NM_007360.3:522
VCAM1-mRNA,-1.47,0.131,-1.72,-1.21,0.362,0.303,0.433,3.00E-05,0.000935,loglinear,"Adhesion, Regulation",NM_001078.3:2535
DUSP6-mRNA,-3.31,0.295,-3.88,-2.73,0.101,0.0677,0.151,3.04E-05,0.000937,loglinear,,NM_001946.2:1535
CD70-mRNA,-0.751,0.0673,-0.883,-0.619,0.594,0.542,0.651,3.10E-05,0.000945,loglinear,"B-Cell Functions, Cell Functions, Cytokines, T-Cell Functions, TNF Superfamily",NM_001252.2:190
GZMK-mRNA,0.68,0.0617,0.559,0.801,1.6,1.47,1.74,3.33E-05,0.001,loglinear,"Cell Functions, Cytotoxicity",NM_002104.2:700
CCL1-mRNA,-5.25,0.481,-6.19,-4.31,0.0263,0.0137,0.0506,3.51E-05,0.00105,loglinear,Chemokines,NM_002981.1:157
TNFRSF14-mRNA,-1.04,0.0962,-1.23,-0.848,0.488,0.428,0.556,3.79E-05,0.00111,loglinear,"B-Cell Functions, Regulation, T-Cell Functions, TNF Superfamily",NM_003820.2:916
LILRB1-mRNA,-0.829,0.0771,-0.98,-0.678,0.563,0.507,0.625,3.81E-05,0.00111,loglinear,"NK Cell Functions, Regulation, T-Cell Functions",NM_001081637.1:2332
IFIH1-mRNA,-0.388,0.0365,-0.46,-0.317,0.764,0.727,0.803,4.10E-05,0.00119,loglinear,,NM_022168.2:185
SH2D1A-mRNA,-0.453,0.0432,-0.538,-0.369,0.73,0.689,0.775,4.39E-05,0.00126,loglinear,,NM_001114937.2:495
LRRN3-mRNA,-3.51,0.335,-4.17,-2.85,0.0878,0.0557,0.138,4.48E-05,0.00127,loglinear,,NM_001099660.1:2940
CD68-mRNA,-2.77,0.266,-3.29,-2.25,0.147,0.102,0.211,4.59E-05,0.00129,loglinear,Cell Functions,NM_001251.2:1140
CASP3-mRNA,-0.502,0.0483,-0.597,-0.408,0.706,0.661,0.754,4.63E-05,0.00129,loglinear,"Cell Cycle, Regulation",NM_032991.2:685
NFATC1-mRNA,-0.582,0.0563,-0.692,-0.472,0.668,0.619,0.721,4.78E-05,0.00131,loglinear,Regulation,NM_172389.1:1984
CD3E-mRNA,-0.64,0.0621,-0.761,-0.518,0.642,0.59,0.698,4.88E-05,0.00133,loglinear,"B-Cell Functions, Cell Functions, T-Cell Functions",NM_000733.2:75
ITGA5-mRNA,-1.59,0.155,-1.9,-1.29,0.332,0.269,0.41,4.99E-05,0.00135,loglinear,Adhesion,NM_002205.2:925
HLA-B-mRNA,-0.506,0.0497,-0.603,-0.408,0.704,0.658,0.754,5.22E-05,0.0014,loglinear,"Antigen Processing, Cytotoxicity, Regulation",NM_005514.6:937
BTLA-mRNA,1.17,0.117,0.944,1.4,2.26,1.92,2.65,5.79E-05,0.00153,loglinear,Cell Functions,NM_181780.2:305
IL2RA-mRNA,0.563,0.0567,0.452,0.674,1.48,1.37,1.6,5.99E-05,0.00157,loglinear,Regulation,NM_000417.1:1000
MAPK8-mRNA,-0.638,0.0653,-0.767,-0.51,0.642,0.588,0.702,6.61E-05,0.00172,loglinear,,NM_002750.2:945
CD8A-mRNA,-0.661,0.0678,-0.794,-0.528,0.633,0.577,0.694,6.71E-05,0.00173,loglinear,"Antigen Processing, Pathogen Defense, T-Cell Functions",NM_001768.5:1320
CD3G-mRNA,-0.643,0.0664,-0.773,-0.512,0.641,0.585,0.701,6.96E-05,0.00178,loglinear,"Regulation, T-Cell Functions",NM_000073.2:404
CSF2-mRNA,-3.42,0.354,-4.11,-2.72,0.0937,0.058,0.152,7.08E-05,0.00179,loglinear,"Cytokines, Macrophage Functions, Regulation",NM_000758.2:475
POU2F2-mRNA,-2.83,0.294,-3.4,-2.25,0.141,0.0944,0.21,7.22E-05,0.00181,loglinear,,NM_002698.2:908
C3AR1-mRNA,-1.16,0.122,-1.4,-0.919,0.448,0.379,0.529,7.91E-05,0.00197,loglinear,Regulation,NM_004054.2:415
MAP3K7-mRNA,-0.413,0.0439,-0.499,-0.327,0.751,0.708,0.797,8.21E-05,0.00202,loglinear,,NM_145333.1:670
ICOS-mRNA,-0.877,0.0937,-1.06,-0.693,0.545,0.48,0.619,8.45E-05,0.00206,loglinear,Cell Functions,NM_012092.2:640
TNFRSF1B-mRNA,-0.667,0.0716,-0.807,-0.527,0.63,0.571,0.694,8.70E-05,0.00211,loglinear,"Chemokines, TNF Superfamily",NM_001066.2:835
CD81-mRNA,-0.307,0.0335,-0.372,-0.241,0.809,0.773,0.846,9.59E-05,0.0023,loglinear,Regulation,NM_004356.3:735
CD9-mRNA,1.15,0.128,0.904,1.4,2.23,1.87,2.65,0.000103,0.00245,loglinear,,NM_001769.2:405
CD83-mRNA,-5.67,0.632,-6.91,-4.43,0.0196,0.00832,0.0463,0.000107,0.00252,loglinear,,NM_004233.3:1960
CXCR3-mRNA,-0.585,0.0653,-0.713,-0.457,0.667,0.61,0.729,0.000108,0.00253,loglinear,"Chemokines, NK Cell Functions, T-Cell Functions",NM_001504.1:80
CYLD-mRNA,-0.571,0.0642,-0.697,-0.445,0.673,0.617,0.735,0.000113,0.00262,loglinear,,NM_015247.1:2890
ANP32B-mRNA,-0.24,0.0272,-0.293,-0.186,0.847,0.816,0.879,0.000118,0.00272,loglinear,Cell Functions,NM_006401.2:660
RELB-mRNA,-0.945,0.108,-1.16,-0.733,0.52,0.449,0.602,0.000122,0.0028,loglinear,Regulation,NM_006509.2:250
EOMES-mRNA,-0.696,0.0797,-0.852,-0.54,0.617,0.554,0.688,0.000125,0.00283,loglinear,T-Cell Functions,NM_005442.2:1670
BMI1-mRNA,-0.957,0.111,-1.17,-0.74,0.515,0.443,0.599,0.000133,0.003,loglinear,,NM_005180.5:1145
ILF3-mRNA,0.303,0.0352,0.234,0.372,1.23,1.18,1.29,0.000135,0.00301,loglinear,Chemokines,NM_001137673.1:730
HLA-A-mRNA,-0.361,0.042,-0.444,-0.279,0.778,0.735,0.824,0.000136,0.00301,loglinear,"Antigen Processing, Cytotoxicity, Regulation",NM_002116.5:1000
ISG20-mRNA,0.504,0.0592,0.388,0.62,1.42,1.31,1.54,0.000144,0.00316,loglinear,,NM_002201.4:358
IL12RB1-mRNA,-0.513,0.0607,-0.632,-0.394,0.701,0.645,0.761,0.00015,0.00325,loglinear,"NK Cell Functions, T-Cell Functions",NM_005535.1:225
CD48-mRNA,-0.402,0.0477,-0.495,-0.309,0.757,0.709,0.807,0.000151,0.00325,loglinear,,NM_001778.2:270
AKT3-mRNA,-0.487,0.0578,-0.601,-0.374,0.713,0.659,0.772,0.000152,0.00325,loglinear,Cell Functions,NM_181690.1:755
MAP3K5-mRNA,0.275,0.0328,0.211,0.339,1.21,1.16,1.27,0.000158,0.00334,loglinear,,NM_005923.3:1760
CD58-mRNA,-0.481,0.0574,-0.593,-0.368,0.717,0.663,0.775,0.000158,0.00334,loglinear,,NM_001779.2:478
CCL17-mRNA,-5.31,0.636,-6.56,-4.06,0.0252,0.0106,0.0599,0.000161,0.00338,loglinear,Chemokines,NM_002987.2:229
PECAM1-mRNA,-0.843,0.103,-1.04,-0.64,0.558,0.485,0.642,0.000181,0.00378,loglinear,Transporter Functions,NM_000442.3:1365
HLA-G-mRNA,-0.568,0.0702,-0.705,-0.43,0.675,0.613,0.742,0.000191,0.00394,loglinear,Regulation,NM_002127.4:1180
SLAMF7-mRNA,0.885,0.11,0.67,1.1,1.85,1.59,2.14,0.000196,0.00402,loglinear,,NM_021181.3:215
ITGA2-mRNA,-1.37,0.172,-1.71,-1.04,0.386,0.305,0.488,0.000207,0.00422,loglinear,Adhesion,NM_002203.2:475
BST2-mRNA,-0.281,0.0355,-0.351,-0.212,0.823,0.784,0.863,0.000215,0.00435,loglinear,,NM_004335.2:560
CASP1-mRNA,-0.494,0.0627,-0.617,-0.371,0.71,0.652,0.773,0.000222,0.00446,loglinear,,NM_001223.3:971
IFI16-mRNA,-0.323,0.0416,-0.404,-0.241,0.8,0.756,0.846,0.000243,0.00484,loglinear,Chemokines,NM_005531.1:2255
CD80-mRNA,-3.18,0.412,-3.99,-2.37,0.11,0.0631,0.193,0.000247,0.0049,loglinear,"B-Cell Functions, Macrophage Functions, Regulation, T-Cell Functions",NM_005191.3:1288
NFKB1-mRNA,-0.75,0.0974,-0.941,-0.559,0.594,0.521,0.679,0.000251,0.00494,loglinear,,NM_003998.2:1675
IL12RB2-mRNA,-0.536,0.0707,-0.675,-0.398,0.69,0.626,0.759,0.000272,0.00532,loglinear,"Cytokines, NK Cell Functions, T-Cell Functions",NM_001559.2:1315
HLA-E-mRNA,-0.485,0.0665,-0.615,-0.355,0.714,0.653,0.782,0.000338,0.00655,loglinear,Regulation,NM_005516.4:1204
IL18R1-mRNA,1.12,0.154,0.818,1.42,2.17,1.76,2.68,0.000344,0.00663,loglinear,"NK Cell Functions, T-Cell Functions",NM_003855.2:2025
KLRC2-mRNA,-0.726,0.1,-0.922,-0.53,0.605,0.528,0.693,0.000349,0.00668,loglinear,NK Cell Functions,NM_002260.3:942
PLAU-mRNA,-2.09,0.292,-2.66,-1.52,0.235,0.158,0.349,0.000373,0.0071,loglinear,Senescence,NM_002658.2:793
SPN-mRNA,-0.343,0.048,-0.437,-0.249,0.789,0.739,0.842,0.000379,0.00715,loglinear,Regulation,NM_003123.3:2345
FCGR2B-mRNA,-2.39,0.337,-3.05,-1.73,0.191,0.121,0.301,0.000394,0.00739,loglinear,Regulation,NM_001002273.1:870
NOD2-mRNA,-1.49,0.213,-1.91,-1.07,0.356,0.266,0.476,0.00043,0.00802,loglinear,Cytokines,NM_022162.1:4080
CD6-mRNA,-0.475,0.0688,-0.61,-0.34,0.72,0.655,0.79,0.000457,0.00847,loglinear,Cell Functions,NM_006725.3:1280
IL21R-mRNA,0.893,0.131,0.638,1.15,1.86,1.56,2.22,0.000478,0.00879,loglinear,Cell Functions,NM_021798.2:2080
HLA-DPB1-mRNA,-0.158,0.0232,-0.203,-0.112,0.896,0.869,0.925,0.000493,0.009,loglinear,Antigen Processing,NM_002121.4:931
EGR2-mRNA,-0.826,0.121,-1.06,-0.588,0.564,0.478,0.665,0.000496,0.009,loglinear,Regulation,NM_000399.3:1891
TNFRSF18-mRNA,-1.57,0.232,-2.03,-1.12,0.336,0.245,0.46,0.000501,0.00904,loglinear,TNF Superfamily,NM_004195.2:445
RPS6-mRNA,0.263,0.0388,0.187,0.339,1.2,1.14,1.27,0.000504,0.00904,loglinear,Cell Functions,NM_001010.2:171
IFITM2-mRNA,0.391,0.0578,0.278,0.504,1.31,1.21,1.42,0.000509,0.00905,loglinear,,NM_006435.2:390
CCL22-mRNA,-4.08,0.604,-5.27,-2.9,0.059,0.026,0.134,0.000511,0.00905,loglinear,"Chemokines, Pathogen Defense",NM_002990.3:797
IFNAR2-mRNA,-0.58,0.0871,-0.75,-0.409,0.669,0.594,0.753,0.000559,0.00983,loglinear,Chemokines,NM_000874.3:631
TANK-mRNA,-0.324,0.049,-0.42,-0.228,0.799,0.747,0.854,0.000572,0.00998,loglinear,,NM_004180.2:110
JAK3-mRNA,0.217,0.0328,0.153,0.281,1.16,1.11,1.22,0.000574,0.00998,loglinear,"Cytokines, Regulation",NM_000215.2:1715
CD96-mRNA,-0.291,0.045,-0.379,-0.203,0.817,0.769,0.869,0.000649,0.0112,loglinear,Regulation,NM_005816.4:1355
RORA-mRNA,-0.528,0.0819,-0.689,-0.368,0.693,0.62,0.775,0.000658,0.0112,loglinear,Regulation,NM_134261.2:1715
TOLLIP-mRNA,-0.97,0.15,-1.26,-0.675,0.511,0.416,0.626,0.000658,0.0112,loglinear,,NM_019009.2:1320
PIK3CG-mRNA,-0.343,0.054,-0.449,-0.237,0.788,0.733,0.848,0.000709,0.012,loglinear,,NM_002649.2:2125
LY9-mRNA,0.673,0.106,0.465,0.881,1.59,1.38,1.84,0.000728,0.0123,loglinear,,NM_001033667.1:260
HLA-DRA-mRNA,0.288,0.0457,0.198,0.378,1.22,1.15,1.3,0.000745,0.0125,loglinear,Antigen Processing,NM_019111.3:335
CD247-mRNA,-0.385,0.0619,-0.506,-0.264,0.766,0.704,0.833,0.000801,0.0133,loglinear,Regulation,NM_198053.1:1490
HLA-DMB-mRNA,0.409,0.0662,0.28,0.539,1.33,1.21,1.45,0.000821,0.0136,loglinear,Antigen Processing,NM_002118.3:20
TAPBP-mRNA,-0.304,0.0493,-0.4,-0.207,0.81,0.758,0.866,0.000836,0.0138,loglinear,Antigen Processing,NM_003190.4:1536
TAB1-mRNA,0.421,0.0691,0.286,0.557,1.34,1.22,1.47,0.000889,0.0146,loglinear,,NM_153497.2:614
TNFRSF8-mRNA,4.01,0.66,2.72,5.31,16.1,6.59,39.5,0.000898,0.0146,loglinear,TNF Superfamily,NM_152942.2:2030
DOCK9-mRNA,0.918,0.152,0.62,1.22,1.89,1.54,2.32,0.000941,0.0152,loglinear,Cell Functions,NM_001130048.1:1020
MAP3K1-mRNA,-0.683,0.116,-0.91,-0.456,0.623,0.532,0.729,0.00105,0.0169,loglinear,,NM_005921.1:2525
CDKN1A-mRNA,-0.483,0.082,-0.644,-0.322,0.715,0.64,0.8,0.00106,0.0169,loglinear,"Cell Cycle, Regulation, Senescence",NM_000389.2:1975
ENTPD1-mRNA,-5.86,0.998,-7.82,-3.9,0.0172,0.00444,0.0668,0.00108,0.0172,loglinear,,NM_001098175.1:8830
CTLA4-mRNA,-0.585,0.0997,-0.78,-0.389,0.667,0.582,0.763,0.00109,0.0172,loglinear,"B-Cell Functions, T-Cell Functions",NM_005214.3:405
EWSR1-mRNA,0.201,0.0347,0.133,0.269,1.15,1.1,1.21,0.00115,0.018,loglinear,Cell Functions,NM_013986.3:452
KIR_Inhibiting_Subgroup_2-mRNA,1.26,0.218,0.835,1.69,2.4,1.78,3.22,0.00115,0.0181,loglinear,"Cell Functions, NK Cell Functions",NM_014511.3:592
PTPRC-mRNA,-0.287,0.0497,-0.385,-0.19,0.819,0.766,0.877,0.00117,0.0182,loglinear,"B-Cell Functions, T-Cell Functions",NM_080921.3:258
FEZ1-mRNA,-1.49,0.258,-2,-0.985,0.356,0.25,0.505,0.00118,0.0182,loglinear,Cell Functions,NM_005103.4:426
DDX58-mRNA,-0.51,0.0884,-0.683,-0.337,0.702,0.623,0.792,0.00119,0.0183,loglinear,,NM_014314.3:2130
IRF2-mRNA,-0.348,0.0609,-0.467,-0.228,0.786,0.723,0.854,0.00125,0.0191,loglinear,"Chemokines, Regulation",NM_002199.3:1624
CTSS-mRNA,-0.376,0.0679,-0.509,-0.243,0.77,0.703,0.845,0.00145,0.0221,loglinear,,NM_004079.3:685
ITGB2-mRNA,-0.382,0.069,-0.517,-0.247,0.768,0.699,0.843,0.00147,0.0222,loglinear,"Adhesion, Regulation",NM_000211.2:520
CD99-mRNA,-0.133,0.0241,-0.18,-0.0859,0.912,0.883,0.942,0.00147,0.0222,loglinear,,NM_002414.3:625
SPA17-mRNA,0.807,0.147,0.519,1.09,1.75,1.43,2.13,0.00152,0.0228,loglinear,CT Antigen,NM_017425.3:175
PSEN1-mRNA,-0.478,0.0874,-0.65,-0.307,0.718,0.637,0.808,0.00156,0.0232,loglinear,Cell Functions,NM_000021.2:900
LAG3-mRNA,-0.264,0.0488,-0.359,-0.168,0.833,0.779,0.89,0.00166,0.0246,loglinear,"Regulation, T-Cell Functions",NM_002286.5:1735
HLA-DRB3-mRNA,0.283,0.0529,0.18,0.387,1.22,1.13,1.31,0.00174,0.0256,loglinear,Antigen Processing,NM_022555.3:698
BAX-mRNA,-0.451,0.0849,-0.617,-0.284,0.732,0.652,0.821,0.00182,0.0266,loglinear,"Cell Cycle, Regulation",NM_138761.3:342
TNFSF8-mRNA,-1.46,0.275,-2,-0.921,0.363,0.25,0.528,0.00182,0.0266,loglinear,"Cytokines, TNF Superfamily",NM_001244.3:518
REL-mRNA,-0.643,0.121,-0.881,-0.405,0.64,0.543,0.755,0.00184,0.0267,loglinear,Regulation,NM_002908.2:225
IL17F-mRNA,1.68,0.321,1.05,2.31,3.2,2.07,4.95,0.00195,0.0281,loglinear,Interleukins,NM_052872.3:210
ITGA6-mRNA,2.96,0.568,1.85,4.07,7.78,3.6,16.8,0.00199,0.0285,loglinear,Adhesion,NM_000210.1:3065
BATF-mRNA,0.622,0.119,0.388,0.856,1.54,1.31,1.81,0.00199,0.0285,loglinear,Cell Functions,NM_006399.3:293
ITGAE-mRNA,0.366,0.071,0.227,0.505,1.29,1.17,1.42,0.00209,0.0298,loglinear,Adhesion,NM_002208.4:3405
ZAP70-mRNA,0.269,0.0522,0.167,0.371,1.2,1.12,1.29,0.00211,0.03,loglinear,,NM_001079.3:1175
SPP1-mRNA,2.05,0.399,1.27,2.83,4.14,2.41,7.12,0.00213,0.03,loglinear,Cytokines,NM_000582.2:760
ITGA4-mRNA,-0.422,0.0823,-0.583,-0.261,0.746,0.667,0.835,0.00216,0.0303,loglinear,"Adhesion, Regulation",NM_000885.4:975
INPP5D-mRNA,-0.426,0.0836,-0.59,-0.262,0.744,0.664,0.834,0.00223,0.0311,loglinear,Regulation,NM_005541.3:4075
CEACAM1-mRNA,-3.96,0.796,-5.52,-2.4,0.0641,0.0217,0.189,0.0025,0.0347,loglinear,Adhesion,NM_001712.3:2455
FLT3LG-mRNA,-0.522,0.105,-0.728,-0.315,0.697,0.604,0.804,0.00257,0.0355,loglinear,Cytokines,NM_001459.3:360
ISG15-mRNA,-0.252,0.0511,-0.352,-0.152,0.84,0.784,0.9,0.00264,0.0363,loglinear,,NM_005101.3:305
CCL23-mRNA,-5.17,1.05,-7.24,-3.1,0.0278,0.00663,0.116,0.0027,0.0369,lm.nb,"Chemokines, Regulation",NM_145898.1:336
BCL6-mRNA,1.86,0.383,1.11,2.61,3.63,2.16,6.1,0.00282,0.0384,loglinear,Regulation,NM_001706.2:675
TRAF3-mRNA,-0.452,0.0946,-0.638,-0.267,0.731,0.643,0.831,0.00306,0.0414,loglinear,,NM_145725.1:1795
ATG16L1-mRNA,-0.542,0.113,-0.764,-0.32,0.687,0.589,0.801,0.00307,0.0414,loglinear,Transporter Functions,NM_198890.2:1975
MAPK11-mRNA,0.972,0.207,0.566,1.38,1.96,1.48,2.6,0.00335,0.0449,loglinear,,NM_002751.5:1310
PSMB8-mRNA,0.181,0.0393,0.104,0.258,1.13,1.07,1.2,0.00365,0.0488,loglinear,Chemokines,NM_004159.4:1215
IRF4-mRNA,0.241,0.0529,0.137,0.344,1.18,1.1,1.27,0.0039,0.0519,loglinear,"B-Cell Functions, Regulation, T-Cell Functions",NM_002460.1:325
CD19-mRNA,-3,0.676,-4.32,-1.68,0.125,0.0499,0.313,0.00438,0.058,lm.nb,"B-Cell Functions, Regulation",NM_001770.4:1770
LCP1-mRNA,-0.218,0.0496,-0.315,-0.12,0.86,0.804,0.92,0.00464,0.0611,loglinear,"Leukocyte Functions, Macrophage Functions, T-Cell Functions",NM_002298.4:3195
IFIT2-mRNA,-0.576,0.132,-0.834,-0.318,0.671,0.561,0.802,0.00468,0.0614,loglinear,Chemokines,NM_001547.4:1995
ATF1-mRNA,-0.253,0.0585,-0.368,-0.138,0.839,0.775,0.909,0.00498,0.0651,loglinear,,NM_005171.2:710
CCRL2-mRNA,-0.568,0.133,-0.828,-0.308,0.674,0.563,0.808,0.00522,0.0678,loglinear,Chemokines,NM_003965.4:1110
CD27-mRNA,-0.484,0.114,-0.708,-0.26,0.715,0.612,0.835,0.00549,0.0711,loglinear,"B-Cell Functions, T-Cell Functions",NM_001242.4:330
IKBKE-mRNA,-0.476,0.114,-0.699,-0.253,0.719,0.616,0.839,0.00578,0.0744,loglinear,,NM_014002.2:2470
PSEN2-mRNA,0.608,0.145,0.323,0.893,1.52,1.25,1.86,0.00582,0.0744,loglinear,Macrophage Functions,NM_000447.2:915
IRAK1-mRNA,0.294,0.0704,0.156,0.432,1.23,1.11,1.35,0.00583,0.0744,loglinear,,NM_001569.3:1995
MR1-mRNA,-1.26,0.304,-1.86,-0.666,0.417,0.276,0.63,0.006,0.0762,loglinear,Antigen Processing,NM_001531.2:7695
CD86-mRNA,-0.756,0.183,-1.11,-0.398,0.592,0.462,0.759,0.00606,0.0766,loglinear,"B-Cell Functions, Macrophage Functions, Regulation, T-Cell Functions",NM_175862.3:1265
ST6GAL1-mRNA,-0.24,0.058,-0.353,-0.126,0.847,0.783,0.916,0.00611,0.0766,loglinear,,NM_003032.2:1300
TTK-mRNA,-0.194,0.047,-0.287,-0.102,0.874,0.82,0.932,0.00611,0.0766,loglinear,CT Antigen,NM_003318.3:1200
HMGB1-mRNA,0.271,0.0666,0.141,0.402,1.21,1.1,1.32,0.00653,0.0815,loglinear,Regulation,NM_002128.4:208
IL6ST-mRNA,0.602,0.148,0.312,0.892,1.52,1.24,1.86,0.00656,0.0816,loglinear,Chemokines,NM_002184.2:2505
LAMP1-mRNA,-0.252,0.0626,-0.375,-0.13,0.84,0.771,0.914,0.00688,0.0852,loglinear,Transporter Functions,NM_005561.3:2070
TCF7-mRNA,-2.99,0.745,-4.45,-1.53,0.126,0.0458,0.346,0.00698,0.086,loglinear,Regulation,NM_003202.2:2420
IRAK2-mRNA,-0.679,0.171,-1.01,-0.344,0.625,0.495,0.788,0.00737,0.0904,loglinear,,NM_001570.3:1285
IFI35-mRNA,-0.288,0.0732,-0.431,-0.144,0.819,0.742,0.905,0.0077,0.0941,loglinear,Chemokines,NM_005533.3:415
GZMA-mRNA,-0.137,0.0358,-0.207,-0.0669,0.909,0.866,0.955,0.00868,0.105,loglinear,"Cell Functions, Cytotoxicity",NM_006144.2:155
CD79A-mRNA,-2.34,0.613,-3.54,-1.14,0.197,0.0858,0.453,0.00871,0.105,loglinear,,NM_001783.3:695
CD164-mRNA,-0.221,0.058,-0.334,-0.107,0.858,0.793,0.929,0.00895,0.108,loglinear,,NM_006016.4:2575
CD4-mRNA,-3.84,1.02,-5.84,-1.84,0.0697,0.0175,0.278,0.0093,0.112,loglinear,,NM_000616.4:975
MAP2K4-mRNA,-0.275,0.0741,-0.42,-0.13,0.826,0.747,0.914,0.00992,0.119,loglinear,,NM_003010.2:2830
KLRD1-mRNA,-0.211,0.057,-0.322,-0.0989,0.864,0.8,0.934,0.0102,0.121,loglinear,"NK Cell Functions, Regulation",NM_002262.3:542
IL2RB-mRNA,0.281,0.0774,0.129,0.433,1.22,1.09,1.35,0.0109,0.13,loglinear,Cytokines,NM_000878.2:1980
ITK-mRNA,-0.304,0.0839,-0.468,-0.139,0.81,0.723,0.908,0.0111,0.131,loglinear,,NM_005546.3:3430
NCR1-mRNA,0.383,0.106,0.174,0.591,1.3,1.13,1.51,0.0114,0.134,loglinear,"Cell Functions, NK Cell Functions",NM_004829.5:602
JAK2-mRNA,-0.319,0.0896,-0.494,-0.143,0.802,0.71,0.906,0.012,0.14,loglinear,"Cytokines, Regulation",NM_004972.2:455
MAPKAPK2-mRNA,-0.234,0.066,-0.363,-0.105,0.85,0.777,0.93,0.0121,0.141,loglinear,,NM_004759.3:710
KIR_Activating_Subgroup_2-mRNA,-1.33,0.381,-2.08,-0.584,0.398,0.237,0.667,0.0129,0.15,loglinear,"Cell Functions, NK Cell Functions, Regulation",NM_014512.1:718
IFNAR1-mRNA,-0.825,0.239,-1.29,-0.357,0.564,0.408,0.781,0.0135,0.156,loglinear,Pathogen Defense,NM_000629.2:3123
TNFRSF11A-mRNA,-3.42,0.997,-5.38,-1.47,0.0932,0.024,0.361,0.0139,0.16,loglinear,TNF Superfamily,NM_003839.2:490
HLA-DMA-mRNA,0.177,0.0521,0.0751,0.279,1.13,1.05,1.21,0.0145,0.166,loglinear,"Antigen Processing, Regulation",NM_006120.3:380
CD37-mRNA,-0.635,0.188,-1,-0.266,0.644,0.498,0.831,0.015,0.171,loglinear,,NM_001774.2:535
IL15-mRNA,-0.802,0.239,-1.27,-0.333,0.574,0.415,0.794,0.0153,0.175,loglinear,"Interleukins, Regulation",NM_172174.1:1685
HLA-DPA1-mRNA,-0.208,0.0631,-0.332,-0.0842,0.866,0.795,0.943,0.0165,0.187,loglinear,Antigen Processing,NM_033554.2:857
CDH5-mRNA,0.912,0.277,0.368,1.46,1.88,1.29,2.74,0.0167,0.188,loglinear,,NM_001795.3:3405
ICAM3-mRNA,-0.175,0.0534,-0.279,-0.07,0.886,0.824,0.953,0.017,0.191,loglinear,"Adhesion, Regulation",NM_002162.3:1225
KLRC1-mRNA,0.787,0.244,0.309,1.26,1.73,1.24,2.4,0.018,0.201,loglinear,"NK Cell Functions, Regulation",NM_002259.3:335
C1R-mRNA,-0.313,0.0973,-0.503,-0.122,0.805,0.705,0.919,0.0183,0.205,loglinear,Complement,NM_001733.4:760
STAT3-mRNA,0.214,0.0668,0.083,0.345,1.16,1.06,1.27,0.0185,0.206,loglinear,"Chemokines, Regulation",NM_139276.2:4535
IFNGR1-mRNA,0.432,0.136,0.165,0.699,1.35,1.12,1.62,0.0194,0.215,loglinear,Cell Functions,NM_000416.1:1140
CD40LG-mRNA,-2.43,0.77,-3.94,-0.923,0.185,0.0651,0.527,0.0196,0.216,loglinear,Regulation,NM_000074.2:1225
NLRC5-mRNA,0.121,0.0387,0.0453,0.197,1.09,1.03,1.15,0.0203,0.223,loglinear,,NM_032206.4:860
PSMD7-mRNA,0.203,0.065,0.0755,0.33,1.15,1.05,1.26,0.0206,0.225,loglinear,,NM_002811.3:580
SELPLG-mRNA,-0.173,0.0557,-0.282,-0.0638,0.887,0.822,0.957,0.0209,0.227,loglinear,,NM_001206609.1:326
TICAM1-mRNA,-0.412,0.133,-0.672,-0.152,0.752,0.628,0.9,0.0209,0.227,loglinear,Macrophage Functions,NM_014261.1:518
PIK3CD-mRNA,-0.134,0.0432,-0.218,-0.0491,0.911,0.86,0.967,0.0212,0.228,loglinear,,NM_005026.3:2978
MAPK14-mRNA,0.207,0.0668,0.0759,0.338,1.15,1.05,1.26,0.0212,0.228,loglinear,,NM_001315.1:450
CXCL13-mRNA,-0.588,0.191,-0.962,-0.214,0.665,0.514,0.862,0.0216,0.232,loglinear,Chemokines,NM_006419.2:210
ATM-mRNA,1.38,0.454,0.493,2.27,2.61,1.41,4.84,0.0226,0.242,lm.nb,Cell Cycle,NM_000051.3:30
STAT6-mRNA,0.471,0.156,0.165,0.777,1.39,1.12,1.71,0.0235,0.251,loglinear,"Chemokines, Regulation, T-Cell Functions",NM_003153.3:2030
MFGE8-mRNA,0.286,0.0949,0.0996,0.472,1.22,1.07,1.39,0.0237,0.252,loglinear,Transporter Functions,NM_001114614.1:328
FCGR2A-mRNA,-1.15,0.386,-1.91,-0.395,0.45,0.266,0.761,0.0246,0.26,lm.nb,Transporter Functions,NM_021642.3:60
IL32-mRNA,0.067,0.0226,0.0226,0.111,1.05,1.02,1.08,0.0254,0.267,loglinear,"Chemokines, Interleukins",NM_004221.4:358
APP-mRNA,-1.01,0.341,-1.67,-0.338,0.498,0.314,0.791,0.0256,0.268,loglinear,,NM_000484.3:1725
PDCD1-mRNA,-0.252,0.0865,-0.422,-0.0827,0.84,0.746,0.944,0.0268,0.28,loglinear,Regulation,NM_005018.1:175
IKBKG-mRNA,0.305,0.105,0.0986,0.511,1.24,1.07,1.42,0.0274,0.285,loglinear,,NM_003639.2:470
CD40-mRNA,-1.63,0.566,-2.74,-0.519,0.324,0.15,0.698,0.0282,0.292,lm.nb,Regulation,NM_001250.4:1265
CD79B-mRNA,-1.03,0.358,-1.73,-0.328,0.49,0.301,0.797,0.0282,0.292,loglinear,B-Cell Functions,NM_021602.2:24
PBK-mRNA,-0.368,0.129,-0.62,-0.116,0.775,0.651,0.923,0.0287,0.295,loglinear,CT Antigen,NM_018492.2:1587
HLA-C-mRNA,-0.391,0.137,-0.66,-0.122,0.762,0.633,0.919,0.0291,0.299,loglinear,"Antigen Processing, Cytotoxicity, Regulation",NM_002117.4:895
CD244-mRNA,0.204,0.0732,0.0607,0.347,1.15,1.04,1.27,0.0316,0.323,loglinear,,NM_016382.2:1150
CCR4-mRNA,-0.456,0.165,-0.78,-0.133,0.729,0.582,0.912,0.0327,0.333,loglinear,"Chemokines, Cytokines, Regulation, T-Cell Functions",NM_005508.4:35
MICA-mRNA,0.519,0.19,0.147,0.891,1.43,1.11,1.85,0.0339,0.344,loglinear,Regulation,NM_000247.1:550
STAT2-mRNA,-0.171,0.0625,-0.293,-0.0484,0.888,0.816,0.967,0.034,0.344,loglinear,"Chemokines, Regulation",NM_005419.2:1965
GATA3-mRNA,-0.599,0.22,-1.03,-0.168,0.66,0.489,0.89,0.0346,0.348,loglinear,Cell Functions,NM_001002295.1:2835
CCR7-mRNA,-0.899,0.331,-1.55,-0.25,0.536,0.342,0.841,0.0349,0.351,lm.nb,"Chemokines, Regulation",NM_001838.2:1610
OSM-mRNA,-1.47,0.549,-2.54,-0.393,0.361,0.171,0.761,0.0367,0.367,loglinear,Cell Functions,NM_020530.4:580
THY1-mRNA,1.66,0.633,0.423,2.9,3.17,1.34,7.48,0.0392,0.391,lm.nb,,NM_006288.2:135
TFEB-mRNA,-0.971,0.375,-1.7,-0.236,0.51,0.307,0.849,0.0412,0.41,loglinear,,NM_007162.2:2026
FAS-mRNA,-0.734,0.284,-1.29,-0.177,0.601,0.409,0.885,0.0416,0.413,loglinear,"B-Cell Functions, Regulation, T-Cell Functions, TNF Superfamily, Transporter Functions",NM_000043.3:90
F2RL1-mRNA,1,0.39,0.236,1.76,2,1.18,3.4,0.0426,0.421,lm.nb,"Macrophage Functions, T-Cell Functions",NM_005242.3:940
IRF7-mRNA,-0.195,0.0763,-0.345,-0.0456,0.873,0.787,0.969,0.043,0.423,loglinear,,NM_001572.3:1763
TYK2-mRNA,-0.239,0.0937,-0.422,-0.0548,0.848,0.746,0.963,0.0438,0.429,loglinear,"Cytokines, Pathogen Defense, Regulation",NM_003331.3:485
BLK-mRNA,-1.14,0.447,-2.01,-0.259,0.455,0.248,0.836,0.0441,0.431,loglinear,B-Cell Functions,NM_001715.2:990
CCR3-mRNA,-2.63,1.04,-4.66,-0.594,0.162,0.0395,0.663,0.0446,0.434,loglinear,Chemokines,NM_001837.2:980
MAP2K1-mRNA,-0.239,0.0966,-0.429,-0.0501,0.847,0.743,0.966,0.0479,0.464,loglinear,,NM_002755.2:970
TRAF6-mRNA,-0.303,0.126,-0.55,-0.057,0.81,0.683,0.961,0.0524,0.506,loglinear,,NM_145803.1:1839
TLR1-mRNA,-0.386,0.166,-0.711,-0.0608,0.765,0.611,0.959,0.0589,0.568,loglinear,"Microglial Functions, TLR",NM_003263.3:545
CYFIP2-mRNA,0.131,0.0573,0.019,0.244,1.1,1.01,1.18,0.0618,0.593,loglinear,,NM_001037332.2:4043
CDK1-mRNA,-0.0863,0.0378,-0.16,-0.0121,0.942,0.895,0.992,0.0628,0.601,loglinear,,NM_001786.4:178
ENG-mRNA,-0.51,0.224,-0.95,-0.0708,0.702,0.518,0.952,0.0632,0.603,loglinear,,NM_001114753.1:1480
RIPK2-mRNA,0.37,0.163,0.0503,0.69,1.29,1.04,1.61,0.0638,0.607,loglinear,,NM_003821.5:1695
PLA2G6-mRNA,-0.23,0.102,-0.431,-0.0296,0.853,0.742,0.98,0.0655,0.62,loglinear,Cell Functions,NM_001004426.1:1954
CXCL9-mRNA,-1.29,0.574,-2.41,-0.16,0.41,0.188,0.895,0.0666,0.627,lm.nb,"Chemokines, Regulation, T-Cell Functions",NM_002416.1:1975
PNMA1-mRNA,-0.289,0.129,-0.543,-0.0359,0.818,0.686,0.975,0.0666,0.627,loglinear,,NM_006029.4:1565
LCK-mRNA,-0.117,0.0527,-0.22,-0.0138,0.922,0.858,0.991,0.0681,0.639,loglinear,"Regulation, T-Cell Functions",NM_005356.2:1260
TXK-mRNA,1,0.451,0.117,1.88,2,1.08,3.69,0.0683,0.639,lm.nb,,NM_003328.1:800
CD274-mRNA,-0.736,0.332,-1.39,-0.0849,0.6,0.382,0.943,0.0686,0.639,loglinear,"B-Cell Functions, Cell Functions, T-Cell Functions",NM_014143.3:1245
CARD11-mRNA,0.192,0.0867,0.0216,0.361,1.14,1.02,1.28,0.0692,0.643,loglinear,Regulation,NM_032415.2:1075
GNLY-mRNA,-0.073,0.0331,-0.138,-0.00814,0.951,0.909,0.994,0.0695,0.644,loglinear,"Cytotoxicity, Pathogen Defense",NM_006433.2:305
RELA-mRNA,-0.267,0.122,-0.508,-0.0274,0.831,0.703,0.981,0.0717,0.662,loglinear,,NM_021975.2:360
IL15RA-mRNA,0.227,0.104,0.0226,0.432,1.17,1.02,1.35,0.0724,0.666,loglinear,Chemokines,NM_002189.2:505
IL5-mRNA,-1.59,0.733,-3.02,-0.151,0.333,0.123,0.901,0.0735,0.674,loglinear,"Cytokines, Interleukins, Regulation, T-Cell Functions",NM_000879.2:105
IKBKB-mRNA,-0.163,0.0769,-0.314,-0.0125,0.893,0.805,0.991,0.078,0.713,loglinear,,NM_001556.1:1995
CD74-mRNA,-0.127,0.0605,-0.246,-0.00872,0.915,0.843,0.994,0.08,0.729,loglinear,,NM_001025159.1:964
IL10-mRNA,1.99,0.954,0.124,3.86,3.98,1.09,14.5,0.0816,0.741,loglinear,Interleukins,NM_000572.2:230
LAMP2-mRNA,-0.252,0.123,-0.493,-0.0104,0.84,0.711,0.993,0.0869,0.786,loglinear,,NM_001122606.1:46
CTSH-mRNA,-1.64,0.83,-3.27,-0.0103,0.321,0.104,0.993,0.096,0.867,loglinear,,NM_004390.3:344
PYCARD-mRNA,-0.473,0.243,-0.95,0.00453,0.721,0.518,1,0.1,0.901,loglinear,,NM_013258.3:714
LY96-mRNA,1.02,0.525,-0.0109,2.05,2.02,0.993,4.13,0.101,0.901,loglinear,,NM_015364.2:360
ABCB1-mRNA,-0.703,0.374,-1.44,0.0301,0.614,0.37,1.02,0.109,0.974,loglinear,,NM_000927.3:3910
PSMB9-mRNA,-0.115,0.0612,-0.235,0.00498,0.923,0.85,1,0.109,0.974,loglinear,Antigen Processing,NM_002800.4:455
IL1RL1-mRNA,-1.06,0.574,-2.19,0.0615,0.478,0.219,1.04,0.113,1,lm.nb,,NM_016232.4:700
TLR3-mRNA,-0.64,0.348,-1.32,0.0425,0.642,0.4,1.03,0.116,1,loglinear,"Microglial Functions, TLR",NM_003265.2:230
LYN-mRNA,0.361,0.198,-0.0279,0.75,1.28,0.981,1.68,0.119,1,loglinear,Regulation,NM_002350.1:1285
TIRAP-mRNA,0.517,0.286,-0.0436,1.08,1.43,0.97,2.11,0.121,1,loglinear,,NM_148910.2:661
MAPK1-mRNA,0.0962,0.054,-0.00959,0.202,1.07,0.993,1.15,0.125,1,loglinear,,NM_138957.2:430
TBX21-mRNA,0.165,0.094,-0.0193,0.349,1.12,0.987,1.27,0.13,1,loglinear,"Regulation, T-Cell Functions",NM_013351.1:890
MUC1-mRNA,0.593,0.339,-0.0715,1.26,1.51,0.952,2.39,0.131,1,lm.nb,,NM_001018017.1:725
CCR1-mRNA,-0.158,0.0912,-0.337,0.0208,0.896,0.792,1.01,0.134,1,loglinear,"Chemokines, Cytokines, NK Cell Functions, Regulation, T-Cell Functions",NM_001295.2:535
REPS1-mRNA,-0.205,0.119,-0.438,0.0285,0.868,0.738,1.02,0.136,1,loglinear,Cell Functions,NM_001128617.2:1288
MYD88-mRNA,-0.105,0.0611,-0.224,0.015,0.93,0.856,1.01,0.137,1,loglinear,TLR,NM_002468.3:2145
GAGE1-mRNA,-0.723,0.425,-1.56,0.111,0.606,0.34,1.08,0.14,1,loglinear,CT Antigen,NM_001040663.2:1642
CKLF-mRNA,-0.106,0.0634,-0.231,0.0179,0.929,0.852,1.01,0.144,1,loglinear,Chemokines,NM_181640.2:275
IL12A-mRNA,0.734,0.445,-0.139,1.61,1.66,0.908,3.05,0.151,1,loglinear,"Cytokines, Interleukins, NK Cell Functions, Regulation, T-Cell Functions",NM_000882.2:775
STAT1-mRNA,0.0683,0.0415,-0.0131,0.15,1.05,0.991,1.11,0.151,1,loglinear,"Chemokines, Regulation",NM_007315.2:205
NCAM1-mRNA,0.634,0.392,-0.134,1.4,1.55,0.911,2.64,0.157,1,loglinear,,NM_000615.5:1620
TNFRSF1A-mRNA,-0.133,0.0829,-0.296,0.0291,0.912,0.815,1.02,0.159,1,loglinear,"Chemokines, TNF Superfamily",NM_001065.2:515
NCF4-mRNA,-0.278,0.176,-0.622,0.0665,0.825,0.65,1.05,0.165,1,loglinear,,NM_000631.4:210
BCL10-mRNA,-0.135,0.0866,-0.305,0.0345,0.911,0.809,1.02,0.169,1,loglinear,,NM_003921.2:1250
ITGAM-mRNA,-0.249,0.16,-0.562,0.0643,0.841,0.677,1.05,0.17,1,loglinear,"Adhesion, Transporter Functions",NM_000632.3:515
SIGIRR-mRNA,0.19,0.122,-0.049,0.428,1.14,0.967,1.35,0.17,1,loglinear,,NM_021805.2:469
ADA-mRNA,-0.127,0.0824,-0.289,0.0342,0.916,0.819,1.02,0.173,1,loglinear,"B-Cell Functions, T-Cell Functions",NM_000022.2:1300
PDCD1LG2-mRNA,-0.229,0.151,-0.525,0.0664,0.853,0.695,1.05,0.179,1,loglinear,,NM_025239.3:235
ATG12-mRNA,0.338,0.223,-0.0985,0.774,1.26,0.934,1.71,0.18,1,loglinear,,NM_004707.2:25
HRAS-mRNA,0.27,0.179,-0.0808,0.621,1.21,0.946,1.54,0.182,1,loglinear,Senescence,NM_005343.2:396
TP53-mRNA,-0.108,0.0723,-0.249,0.0339,0.928,0.841,1.02,0.186,1,loglinear,T-Cell Functions,NM_000546.2:1330
MX1-mRNA,-0.0684,0.0469,-0.16,0.0236,0.954,0.895,1.02,0.195,1,loglinear,,NM_002462.2:1485
IFNL1-mRNA,-0.504,0.35,-1.19,0.182,0.705,0.439,1.13,0.2,1,loglinear,"Cytokines, Interleukins",NM_172140.1:233
IRF5-mRNA,-0.517,0.36,-1.22,0.188,0.699,0.429,1.14,0.2,1,loglinear,Senescence,NM_002200.3:1845
ITCH-mRNA,-0.102,0.0712,-0.242,0.0375,0.932,0.846,1.03,0.202,1,loglinear,,NM_001257138.1:438
IRAK4-mRNA,0.0897,0.0627,-0.0332,0.213,1.06,0.977,1.16,0.203,1,loglinear,,NM_016123.1:2175
ECSIT-mRNA,-0.239,0.17,-0.573,0.0943,0.847,0.672,1.07,0.209,1,loglinear,,NM_001142464.2:1318
CD53-mRNA,-0.0934,0.0665,-0.224,0.0369,0.937,0.856,1.03,0.21,1,loglinear,,NM_001040033.1:835
MAPK3-mRNA,-0.0761,0.0543,-0.183,0.0304,0.949,0.881,1.02,0.211,1,loglinear,,NM_001040056.1:580
CASP8-mRNA,0.0776,0.0555,-0.031,0.186,1.06,0.979,1.14,0.211,1,loglinear,,NM_001228.4:301
PIN1-mRNA,0.119,0.0875,-0.052,0.291,1.09,0.965,1.22,0.221,1,loglinear,,NM_006221.2:434
AICDA-mRNA,-0.585,0.431,-1.43,0.26,0.667,0.371,1.2,0.224,1,lm.nb,T-Cell Functions,NM_020661.1:567
IL1RAP-mRNA,0.201,0.15,-0.0936,0.495,1.15,0.937,1.41,0.23,1,loglinear,,NM_002182.2:460
TAP2-mRNA,-0.119,0.0889,-0.293,0.0555,0.921,0.816,1.04,0.23,1,loglinear,Antigen Processing,NM_000544.3:909
CD3EAP-mRNA,0.843,0.632,-0.395,2.08,1.79,0.761,4.23,0.23,1,loglinear,Regulation,NM_012099.1:555
CXCL11-mRNA,-0.632,0.481,-1.57,0.311,0.645,0.336,1.24,0.237,1,loglinear,"Chemokines, NK Cell Functions, T-Cell Functions",NM_005409.4:282
IGF1R-mRNA,0.409,0.312,-0.202,1.02,1.33,0.87,2.03,0.237,1,loglinear,Senescence,NM_000875.2:455
UBC-mRNA,0.0402,0.0309,-0.0204,0.101,1.03,0.986,1.07,0.241,1,loglinear,,NM_021009.3:1875
IGF2R-mRNA,-0.118,0.0935,-0.301,0.0657,0.922,0.812,1.05,0.255,1,loglinear,,NM_000876.1:2605
TNFSF13B-mRNA,-0.486,0.393,-1.26,0.284,0.714,0.419,1.22,0.262,1,loglinear,"Regulation, TNF Superfamily",NM_006573.4:1430
PRKCD-mRNA,0.21,0.171,-0.125,0.546,1.16,0.917,1.46,0.265,1,loglinear,Senescence,NM_006254.3:2165
TNFRSF10B-mRNA,0.167,0.139,-0.105,0.44,1.12,0.93,1.36,0.274,1,loglinear,TNF Superfamily,NM_003842.3:565
IRF3-mRNA,-0.124,0.104,-0.327,0.0799,0.918,0.797,1.06,0.279,1,loglinear,,NM_001571.5:1303
EP300-mRNA,-0.109,0.0932,-0.292,0.0736,0.927,0.817,1.05,0.286,1,loglinear,,NM_001429.2:715
MAP2K2-mRNA,0.0445,0.0382,-0.0304,0.119,1.03,0.979,1.09,0.288,1,loglinear,,NM_030662.2:1325
IFITM1-mRNA,-0.0614,0.0554,-0.17,0.0473,0.958,0.889,1.03,0.31,1,loglinear,Regulation,NM_003641.3:482
NOTCH1-mRNA,0.0719,0.0659,-0.0573,0.201,1.05,0.961,1.15,0.317,1,loglinear,Regulation,NM_017617.3:735
ELK1-mRNA,-0.162,0.149,-0.454,0.13,0.894,0.73,1.09,0.319,1,loglinear,,NM_005229.3:2350
TBK1-mRNA,-0.0766,0.0705,-0.215,0.0616,0.948,0.862,1.04,0.319,1,loglinear,,NM_013254.2:1610
IL23A-mRNA,0.212,0.197,-0.174,0.598,1.16,0.886,1.51,0.323,1,loglinear,Interleukins,NM_016584.2:411
TRAF2-mRNA,-0.0967,0.0899,-0.273,0.0795,0.935,0.828,1.06,0.323,1,loglinear,,NM_021138.3:1325
HLA-DOB-mRNA,-0.232,0.22,-0.664,0.2,0.851,0.631,1.15,0.333,1,loglinear,"Antigen Processing, Cytokines",NM_002120.3:230
ADORA2A-mRNA,0.14,0.134,-0.123,0.402,1.1,0.919,1.32,0.337,1,loglinear,Cell Functions,NM_000675.3:1095
CD46-mRNA,-0.0591,0.0581,-0.173,0.0547,0.96,0.887,1.04,0.348,1,loglinear,,NM_172350.1:365
RUNX3-mRNA,-0.0477,0.0485,-0.143,0.0474,0.968,0.906,1.03,0.364,1,loglinear,Regulation,NM_004350.1:2085
BIRC5-mRNA,0.0653,0.0666,-0.0652,0.196,1.05,0.956,1.15,0.365,1,loglinear,Cell Cycle,NM_001168.2:1215
FADD-mRNA,-0.402,0.418,-1.22,0.418,0.757,0.429,1.34,0.374,1,loglinear,,NM_003824.2:1560
TICAM2-mRNA,-0.286,0.304,-0.881,0.309,0.82,0.543,1.24,0.383,1,lm.nb,,NM_021649.4:3234
PSMB7-mRNA,0.0686,0.0749,-0.0781,0.215,1.05,0.947,1.16,0.395,1,loglinear,Antigen Processing,NM_002799.2:420
IL11RA-mRNA,-0.229,0.254,-0.727,0.269,0.853,0.604,1.21,0.402,1,loglinear,Chemokines,NM_147162.1:400
CD28-mRNA,0.257,0.292,-0.315,0.828,1.19,0.804,1.78,0.412,1,loglinear,,NM_001243078.1:2065
IL4-mRNA,-0.363,0.44,-1.22,0.499,0.778,0.428,1.41,0.441,1,lm.nb,"Interleukins, Regulation, T-Cell Functions",NM_000589.2:625
C5-mRNA,-0.128,0.157,-0.435,0.179,0.915,0.74,1.13,0.446,1,loglinear,Complement,NM_001735.2:2592
MAVS-mRNA,-0.106,0.132,-0.365,0.154,0.929,0.777,1.11,0.455,1,loglinear,,NM_020746.3:3460
CD47-mRNA,0.0359,0.0463,-0.0549,0.127,1.03,0.963,1.09,0.467,1,loglinear,"Macrophage Functions, Regulation, T-Cell Functions, Transporter Functions",NM_001777.3:897
NOD1-mRNA,-0.076,0.104,-0.279,0.127,0.949,0.824,1.09,0.491,1,loglinear,,NM_006092.1:3285
CD8B-mRNA,0.0619,0.0863,-0.107,0.231,1.04,0.928,1.17,0.5,1,loglinear,"Regulation, T-Cell Functions",NM_004931.3:440
TFE3-mRNA,0.284,0.411,-0.521,1.09,1.22,0.697,2.13,0.515,1,loglinear,,NM_006521.3:2935
IL17RA-mRNA,0.0843,0.125,-0.161,0.33,1.06,0.894,1.26,0.526,1,loglinear,Cell Functions,NM_014339.6:482
HSD11B1-mRNA,-0.39,0.6,-1.57,0.785,0.763,0.338,1.72,0.539,1,loglinear,Cell Functions,NM_181755.1:155
ATG7-mRNA,0.0921,0.143,-0.188,0.372,1.07,0.878,1.29,0.543,1,loglinear,Transporter Functions,NM_001136031.2:810
FYN-mRNA,-0.0294,0.0464,-0.12,0.0616,0.98,0.92,1.04,0.55,1,loglinear,Transporter Functions,NM_002037.3:765
YTHDF2-mRNA,0.0407,0.0646,-0.0859,0.167,1.03,0.942,1.12,0.552,1,loglinear,,NM_001172828.1:275
GTF3C1-mRNA,-0.0584,0.094,-0.243,0.126,0.96,0.845,1.09,0.557,1,loglinear,Cell Functions,NM_001520.3:2904
CXCL1-mRNA,-0.213,0.373,-0.945,0.519,0.863,0.52,1.43,0.59,1,loglinear,"Chemokines, Regulation",NM_001511.1:742
ABL1-mRNA,-0.147,0.27,-0.676,0.382,0.903,0.626,1.3,0.606,1,loglinear,"Cell Cycle, Regulation, Senescence",NM_005157.3:3200
NUP107-mRNA,-0.0225,0.044,-0.109,0.0638,0.985,0.927,1.05,0.628,1,loglinear,Cell Cycle,NM_020401.2:1002
ATF2-mRNA,-0.0353,0.0803,-0.193,0.122,0.976,0.875,1.09,0.676,1,loglinear,,NM_001256090.1:336
CXCL16-mRNA,-0.12,0.31,-0.729,0.488,0.92,0.603,1.4,0.711,1,loglinear,Chemokines,NM_001100812.1:850
RUNX1-mRNA,-0.0115,0.0329,-0.0761,0.053,0.992,0.949,1.04,0.738,1,loglinear,Regulation,NM_001754.4:635
CSF3-mRNA,-0.142,0.434,-0.994,0.71,0.906,0.502,1.64,0.755,1,lm.nb,Cell Functions,NM_000759.3:851
IRF1-mRNA,0.028,0.0858,-0.14,0.196,1.02,0.907,1.15,0.755,1,loglinear,"Chemokines, NK Cell Functions, Regulation, T-Cell Functions",NM_002198.1:510
ICAM1-mRNA,-0.0363,0.112,-0.257,0.184,0.975,0.837,1.14,0.758,1,loglinear,"Adhesion, Regulation",NM_000201.2:2253
CEBPB-mRNA,0.0366,0.115,-0.189,0.262,1.03,0.877,1.2,0.761,1,loglinear,,NM_005194.2:1420
HCK-mRNA,-0.0968,0.305,-0.694,0.501,0.935,0.618,1.42,0.762,1,loglinear,Leukocyte Functions,NM_002110.2:260
CD63-mRNA,-0.0143,0.0483,-0.109,0.0804,0.99,0.927,1.06,0.777,1,loglinear,,NM_001780.4:350
PSMB10-mRNA,0.0162,0.0562,-0.094,0.126,1.01,0.937,1.09,0.783,1,loglinear,,NM_002801.2:221
LILRB2-mRNA,-0.122,0.434,-0.973,0.729,0.919,0.51,1.66,0.788,1,loglinear,Regulation,NM_005874.1:595
CTSG-mRNA,-0.118,0.492,-1.08,0.847,0.922,0.472,1.8,0.819,1,loglinear,"Pathogen Defense, Regulation",NM_001911.2:160
ANXA1-mRNA,0.0141,0.0591,-0.102,0.13,1.01,0.932,1.09,0.819,1,loglinear,Transporter Functions,NM_000700.1:515
TNFSF14-mRNA,0.0406,0.17,-0.293,0.375,1.03,0.816,1.3,0.819,1,loglinear,"Cytokines, Regulation, T-Cell Functions, TNF Superfamily",NM_003807.3:612
PVR-mRNA,-0.0915,0.385,-0.845,0.662,0.939,0.557,1.58,0.82,1,loglinear,Regulation,NM_006505.3:604
STAT5B-mRNA,-0.0097,0.0582,-0.124,0.104,0.993,0.918,1.08,0.873,1,loglinear,"Chemokines, Regulation",NM_012448.3:200
ALCAM-mRNA,0.0279,0.187,-0.339,0.395,1.02,0.791,1.31,0.886,1,loglinear,Adhesion,NM_001627.3:789
GZMH-mRNA,-0.00891,0.061,-0.129,0.111,0.994,0.915,1.08,0.889,1,loglinear,"Cell Functions, Cytotoxicity",NM_033423.3:705
LAMP3-mRNA,0.0553,0.386,-0.702,0.812,1.04,0.615,1.76,0.891,1,loglinear,Cell Functions,NM_014398.3:1400
MICB-mRNA,0.0094,0.0759,-0.139,0.158,1.01,0.908,1.12,0.906,1,loglinear,Regulation,NM_005931.3:1387
IL3RA-mRNA,0.025,0.28,-0.523,0.573,1.02,0.696,1.49,0.932,1,loglinear,Cell Functions,NM_002183.2:745
ATG5-mRNA,-0.00969,0.12,-0.245,0.225,0.993,0.844,1.17,0.938,1,loglinear,,NM_004849.2:1104
TNFSF10-mRNA,0.00244,0.0309,-0.0581,0.0629,1,0.961,1.04,0.939,1,loglinear,"Cell Cycle, Cytokines, Regulation, TNF Superfamily",NM_003810.2:115
GPI-mRNA,-0.00708,0.092,-0.187,0.173,0.995,0.878,1.13,0.941,1,loglinear,,NM_000175.2:1695
ARG2-mRNA,0.0162,0.388,-0.745,0.777,1.01,0.597,1.71,0.968,1,loglinear,,NM_001172.3:1150
CCND3-mRNA,0.00276,0.0842,-0.162,0.168,1,0.894,1.12,0.975,1,loglinear,Cell Cycle,NM_001760.2:1215
CHUK-mRNA,0.00194,0.128,-0.249,0.253,1,0.841,1.19,0.988,1,loglinear,,NM_001278.3:860
ATG10-mRNA,-0.00018,0.212,-0.416,0.416,1,0.749,1.33,0.999,1,loglinear,Transporter Functions,NM_001131028.1:985
